{
    "facebook": [284882215],
    "wanelo":[550842012],
    "chrome":[535886823],
    "pinterest": [429047995],
    "CJOshopping": [366509410],
    "ClapSnap": [329470786],
    "ESPN": [362797500, 369015814],
    "ETNet": [366919933],
    "EcoShopLite": [315666449],
    "FengShui": [392237826],
    "GarageBuy": [284408325],
    "GarageSale": [330789429],
    "Jammit": [386325076],
    "Mafia": [496184266],
    "MySpace": [284792653],
    "UberSocial": [396050119],
    "UberSocialTheme": [396050119],
    "UberSocialThemeLow": [396050119],
    "WikiTouch": [342058885],
    "ZombieFarm": [339933022],
    "ZombieFarm2": [339933022],
    "ZombieFarmTwo": [494655448],
    "ZombieLife": [419224311],
    "ZombiestanIphone": [397784826],
    "abbyy.bcr": [347345474],
    "abbyy.lingvo": [391989146],
    "abbyy.textgrabber": [438475005],
    "airFiles": [339732484],
    "airbnb": [401626263],
    "aircoasterpro": [364899325],
    "airfoilspeakerstouch": [311357351],
    "airhockey": [286106725],
    "airhockeygold": [353410847],
    "airhockeylite": [312548536],
    "airme-signup": [284944731],
    "airmusic": [409782234],
    "airnavfree": [304839059],
    "airnavpro": [301046057],
    "airprint": [527818325],
    "airstripcardio": [415432331],
    "aitd-open": [407948043],
    "aitdf-open": [410500554],
    "aizheke": [408827748],
    "ajconfidence": [307751682],
    "ajgetfit": [421090663],
    "ajrelax": [303609195],
    "ajrelaxfree": [338059108],
    "ajrelaxlite": [307750844],
    "ajsleep": [337349999],
    "amazon": [297606951],
    "amazonde": [3366],
    "AngryBirdsFree": [409807569],
    "angrybirds-hd-free": [409809295],
    "angrybirds-rio-hd": [420636551],
    "angrybirds-seasons": [398157641],
    "angrybirds-space": [499511971],
    "angrybirds-space-free": [514550808],
    "angrybirds-space-hd": [501968250],
    "angrybirds-space-hd-free": [526337775],
    "angrybirds-starwars": [557137623],
    "animals360": [339158840],
    "animalszoo": [444688076],
    "apollo-chromesync": [468996076],
    "apollo-firefoxsync": [468995230],
    "app-free": [401478384],
    "app-spbtv": [480952101],
    "appadvice": [364906378],
    "appadvicemailto": [470693788],
    "appafolio": [469565688],
    "appallstar": [422298714],
    "appallstar001": [422298714],
    "appbank": [330978824],
    "appbutler": [327391626],
    "appcitylife": [348773287],
    "appcooker": [418861662],
    "appcraft": [439627746],
    "appdailystore": [500544637],
    "appdeals": [418295945],
    "appdp": [425692044],
    "apper": [450133667],
    "appetites": [405170698],
    "appflow": [539183053],
    "appgratis": [514951171],
    "appgratuites": [514951171],
    "appicons": [498956766],
    "appigonotebook": [290089621],
    "appledailyhk": [403212687],
    "appledailytw": [410176673],
    "applestore": [375380948],
    "applestore-sec": [375380948],
    "appme": [509161291],
    "appminer": [679],
    "appmobitest": [395691569],
    "appoday": [492105097],
    "apppixels01": [493761832],
    "apprkhighsociety": [380507600],
    "apprkkingdoms": [398644286],
    "apprkmodernartcg": [438309491],
    "apprkmoney": [349220571],
    "apps": [482536811],
    "appsequencesalarybook": [395508282],
    "appsfire": [134],
    "appsfire_deals": [418295945],
    "appskoo_494609042": [494609042],
    "appsmart": [372948567],
    "appsmosaic": [371275982],
    "appstartgallery": [488613223],
    "appstartnavigation": [488613223],
    "appstream": [254],
    "appswitch": [398317469],
    "apptaster": [473199522],
    "appterrier": [457141739],
    "apptivityhw": [513292721],
    "apptivitywwe": [531810505],
    "apptly.baldify": [480018989],
    "apptly.fatify": [480017583],
    "apptly.fatifyipad": [512300634],
    "apptly.oldify": [480016021],
    "apptrends": [9311],
    "apptvbzhkqjlwbj": [431089283],
    "appygeek": [438922464],
    "ask": [394464350],
    "asklocal": [409176264],
    "aspwflickripad": [366672688],
    "aspwflickrlite": [374209367],
    "aspwflickrliteipad": [412561168],
    "awesomenote": [320203391],
    "awesomenotehd": [406750496],
    "awesomeshopping": [363137570],
    "awesometv": [500543836],
    "balance-upgrade": [286350543],
    "bet106artist": [418612824],
    "bet106artistfeatured": [418612824],
    "bet106browser": [418612824],
    "bet106countdown": [418612824],
    "bet106countdownresults": [418612824],
    "bet106flipbook": [418612824],
    "bet106flipbookfeatured": [418612824],
    "bet106flipbookfullscreen": [418612824],
    "bet106home": [418612824],
    "bet106interact": [418612824],
    "bet106interactresults": [418612824],
    "bet106interstitial": [418612824],
    "bet106nation": [418612824],
    "bet106scanner": [418612824],
    "bet106tickets": [418612824],
    "bet106twitter": [418612824],
    "bet106video": [418612824],
    "bet106videomenu": [418612824],
    "bet106videosearch": [418612824],
    "bflf": [379783460],
    "bfragdoll3": [481808540],
    "bfragdoll3hd": [481817554],
    "bfsaodd": [431739110],
    "bfsaoddhd": [431739698],
    "bfsbounce": [458364299],
    "bfsdragonvale": [440045374],
    "bfsglowbugs": [517117985],
    "bfslots": [402872407],
    "bfslotshd": [403863238],
    "bfsmjdlite": [416938463],
    "bfspt2": [477846014],
    "bfsragdoll3deluxe": [567542935],
    "bfsrb2": [353846826],
    "bfsrb2hd": [395994024],
    "bfsrb2hdl": [401281500],
    "bfsrb2l": [362025969],
    "bfssolitaire": [441411119],
    "bfssolitairehd": [441411356],
    "bfssshift": [440028425],
    "bfssshifthd": [440029250],
    "bfsstrike": [365967582],
    "bfsstrikehd": [437282704],
    "bigberg-1": [449182715],
    "bigberg-DCSF XMAS": [480188418],
    "bigoven": [294363034],
    "bigwinbaseball": [491594085],
    "bing": [345323231],
    "bingipad": [418435837],
    "blogsy": [428485324],
    "box": [290853822],
    "box-login": [290853822],
    "box-upload-all": [290853822],
    "box-upload-all-direct": [290853822],
    "boxcar": [321493542],
    "boxee-tumblr": [449599856],
    "bumpapp": [305479724],
    "cam": [365005955],
    "camcard": [355472887],
    "camcool": [512796815],
    "camdictionaryfree": [407952605],
    "camdictionaryfull": [407949200],
    "cameraawesome": [420744028],
    "cameradream": [502370363],
    "cameralert": [336238843],
    "cameraplus": [329670577],
    "cameraplus-picker": [329670577],
    "cameratan-photoapplink": [327075195],
    "campfire": [377401986],
    "camplus": [329670577],
    "campuspecial": [441763238],
    "camscanner": [388624839],
    "camscannerfree": [388627783],
    "camscannerpro": [395904807],
    "camsync": [406645727],
    "camwow": [418368641],
    "camwowretro": [498639341],
    "childrensbible": [341311361],
    "childrenstales": [375755924],
    "chorepad": [389995975],
    "chorepadhd": [384854237],
    "ciscochat": [467192391],
    "cityfriends-plusplus": [417794899],
    "cityguide": [285887422, 480066121],
    "citymaps": [503868242],
    "codegentipadlearnchinese": [442272286],
    "codegentipadlearnfrench": [465582819],
    "codegentipadlearngerman": [460310168],
    "codegentipadlearnitalian": [451117009],
    "codegentipadlearnjapanese": [449091363],
    "codegentipadlearnkorean": [444081072],
    "codegentipadlearnspanish": [449588162],
    "codegentipadlearnthai": [444678585],
    "codegentlearnchinese": [435064887],
    "codegentlearngerman": [467999426],
    "codegentlearnitalian": [451116472],
    "codegentlearnjapanese": [447047877],
    "codegentlearnkorean": [444080371],
    "codegentlearnspanish": [449590289],
    "colorsplash": [304871603],
    "colorsplash-photoapplink": [304871603],
    "colorsplashinstagram": [304871603],
    "colorsplashipad-photoapplink": [374308914],
    "com.tapbots.Tweetbot": [428851691],
    "com.tapbots.TweetbotPad": [498801050],
    "com.tapstic.hb": [306725985],
    "com.tapstic.vs": [385345230],
    "com.techeden.ireader.dealnews.ipad.free": [417602449],
    "com.techeden.ireader.flickr.free": [460911104],
    "com.techeden.ireader.huaren.ipad.lite": [406752679],
    "com.techeden.ireader.picasa.ipad.free": [432734643],
    "com.techeden.ireader.picasa.iphone.free": [432732872],
    "com.techeden.ireader.tianya.ipad.lite": [406753501],
    "com.techeden.ireader.voaspecial.free": [439823972],
    "com.ted.ted": [376183339],
    "com.ted.tedtalks": [376183339],
    "comgoogleearth": [293622097],
    "comgoogleearthz": [293622097],
    "comgoogleoffers": [525896432],
    "comgoogleshopper": [416091721],
    "connectappid19": [465276272],
    "connectpro": [430437503],
    "connectrode": [438450056],
    "coolRetinaFree": [447824488],
    "coolRetinaPro": [449091455],
    "coolhunting": [363585832],
    "cooliris": [294479487],
    "cooliriss": [294479487],
    "coolpapersipad": [407965708, 414234400],
    "coolwallpapers": [342643402],
    "daily": [459092202],
    "dailyagenda": [426688044],
    "dailyburn2": [378928008],
    "dailyburnwod": [472322122],
    "dailydeal": [390060566],
    "dailyhealth": [391719950],
    "dailymotion": [336978041],
    "dailyplaces": [338471917],
    "dailytracker": [306026134],
    "daumapps": [365494029],
    "daumcafe": [369302790],
    "daumcloud": [432047993],
    "daumcomics": [441210766],
    "daummap": [304608425],
    "daummaps": [304608425],
    "daumtvpot": [329454279],
    "daycpanel": [437405473],
    "daylite": [307582503],
    "dayone": [421706526],
    "daysaway": [459200849],
    "dn_myrtle": [484399830],
    "dn_neworleans": [484400697],
    "dn_panamacity": [476938351],
    "dnplus": [403485766],
    "docInBookiPad": [473506754],
    "docinbookreader": [490618045],
    "docscan": [453312964],
    "docscanhd": [467016332],
    "docscanhdpro": [478871257],
    "docusign": [388519437],
    "docusignit": [474990205],
    "dominoencryptedemail": [346633404],
    "dominos": [467171472],
    "dominospizza": [436491861],
    "doodleNumbers_1_1": [442926616],
    "doodlefind": [366791736, 374194431],
    "doodlefindpro": [374194431],
    "doodlegrubhd": [436959450],
    "doodlejump": [307727765],
    "doodlejumpfree": [456355158],
    "duckduckgo": [301375111, 479988136],
    "duckersapp": [433010312],
    "duckycoffee": [478228124],
    "due": [390017969],
    "duet": [480393820],
    "duetbrowser": [375777848],
    "duetbrowserfree": [376672571],
    "duitang001": [507132605],
    "ea30082": [363311002],
    "ea31583": [373416293],
    "ea33762": [395307733],
    "ea34463": [466965151],
    "ea34665": [455838044],
    "ea36302": [438604227],
    "ea36702": [418041089],
    "ea38542": [437108135],
    "ea38902": [479412611],
    "ea39882": [453330377],
    "ea41282": [506847903],
    "ea41462": [445992496],
    "ea41545": [464156731],
    "ea41622": [461746670],
    "ea43102": [458792705],
    "ea44262": [467477774],
    "ea44762": [470425126],
    "ea46102": [350642635],
    "ea48302": [497595276],
    "ea48362": [505311163],
    "ea782875": [427647815],
    "ea782876": [3136],
    "ea814718": [373416293],
    "ea815859": [363311002],
    "ea824721": [427703804],
    "ea827119": [466965151],
    "ea831399": [438604227],
    "ea832099": [418041089],
    "ea835321": [437108135],
    "ea835898": [455124417],
    "ea836058": [479412611],
    "ea837739": [453330377],
    "ea839759": [506847903],
    "ea840158": [445992496],
    "ea840263": [464156731],
    "ea840318": [461746670],
    "ea842219": [458792705],
    "ea844198": [467477774],
    "ea844858": [470425126],
    "ea850399": [363282253],
    "ea850400": [350642635],
    "ea851766": [497595276],
    "ea851904": [520674307],
    "ea851918": [503036882],
    "ea851966": [505311163],
    "ebay": [282614216, 364203371],
    "ebayclassifiedspets": [376079841],
    "ebayfashion": [378358380],
    "ebayinstantsale": [447897839],
    "ebaykleinanzeigen": [382596778],
    "ebaymotors": [424015720],
    "ebooks": [381260755],
    "ebooksearch": [416454511],
    "ebooksreader": [419902513],
    "ebs": [381260755],
    "ebscoeh": [433269587],
    "ebsconrc": [460280761],
    "ebuddy": [320087242],
    "ebuddypro": [336346413],
    "ec2e2457-b257-4907-ab9c-9163a04e0bb7": [337453868],
    "echofon": [286756410, 315577859],
    "echofonfb": [337779056],
    "echofonpro": [315577859],
    "echorus": [335363818],
    "echosign": [481082197],
    "echosign-open-v11": [481082197],
    "eggrollin": [427926242],
    "eggtimer": [393324940],
    "en-growcube-2335": [401643317, 409143694],
    "en-quanganhdo-2391": [426208994],
    "en-silviorizzi-7242": [325502379],
    "espII": [363969661],
    "espIIhd": [450426150],
    "espIIlite": [368181396],
    "espIIlitehd": [450430535],
    "espend": [437238261],
    "espncricinfo": [417408017],
    "ethesaurus": [408756020],
    "etkalem": [388188730],
    "etmaths1": [471864743],
    "etrade": [313259740],
    "etsy": [477128284],
    "etude": [430004407],
    "euchrehd": [407124620],
    "eudic-de": [340820736, 416409325],
    "eudic-fr": [327432856],
    "europefootballfeeds": [380862452],
    "eurosport": [324021126],
    "eurosportplayer": [339708430],
    "eurosportplayer3": [339708430],
    "evernote": [281796108],
    "everpix": [480052550],
    "everwebclipper": [481370595],
    "everydayasl.SignLanguageFree": [321202730],
    "everydaylooper": [333298831],
    "everyme": [494728164],
    "expedia": [314063730],
    "expediahotels": [427916203],
    "exploremetrobj": [349252601],
    "exploremetrogz": [349810410],
    "exploremetrohk": [352207482],
    "exploremetrosh": [340706615],
    "facecall": [290447776],
    "facedial": [376578817],
    "facefighterultimate": [323250828],
    "facegoo": [317854296],
    "facegoohdlite": [424492407],
    "facegoolite": [322397049],
    "facenow": [379980390],
    "facetouch": [475172259],
    "fahrinfo-berlin": [284971745],
    "fahrinfo-stuttgart": [302190083],
    "famapp": [342291920],
    "famdaily": [477132960],
    "familyfeudfriends": [455750367],
    "familytracker": [349880412],
    "familytrackeripad": [367740596],
    "familytrees": [412786638],
    "famjubilee": [528254695],
    "fandango": [307906541],
    "fandangobuyshowtimev1": [307906541],
    "fastcam": [428210834],
    "fastcustomer": [421471487],
    "fastever": [364580273],
    "fasteversnap": [386955086],
    "fasteverxl": [364887344],
    "fastfinga": [320090110, 427098890],
    "fastfood": [299488453, 305140971],
    "fifa11.bv": [408895202],
    "fifa11.inc": [394220958, 408895052],
    "fingerball": [354719660],
    "fingerbassline": [298147000],
    "fingerbeat": [321464820],
    "fingerlabdm1ipad": [431573951],
    "fingerlabdm1iphone": [526650611],
    "fingermeasure": [464326915],
    "fingermodrum": [408872480],
    "fingerpaintglow": [379161948],
    "flickr": [328407587],
    "flickrb743fb25edd160aef37f12cd6d084643": [435789422],
    "flickrframe": [370362291],
    "flickrinspire": [315556628],
    "flickrinspirepro": [355460798],
    "flickrphototable": [455322208],
    "flickrstudio": [387907682],
    "flickstackr": [364895358],
    "flightboard": [390553006],
    "flightgame": [496191902],
    "flightstatus": [288760989],
    "flighttrack": [296240199],
    "flighttrackpro": [302325893],
    "flightupdatepro": [317703490],
    "flightview": [374341341],
    "flightviewfree": [399057337],
    "flybird": [456193674, 486366682],
    "flycast": [358004585],
    "flysafe": [430863443],
    "fontagg": [412842583],
    "fontagg feast": [412842583],
    "fontcombinations": [360535277],
    "fontify": [447471364],
    "fotolrcs": [475591766],
    "fotolrcvp": [481961615],
    "fotopedia+abovefrance": [446745244, 476323468],
    "fotopedia+burma": [438413109],
    "fotopedia+heritage": [383327395],
    "fotopedia+japan": [476323468],
    "fotopedia+memoryofcolors": [419870731],
    "fotopedia+morocco": [518250279],
    "fotopedia+nationalparks": [406969208],
    "fotopedia+northkorea": [438412750],
    "fotopedia+paris": [427149531],
    "fotopedia+women": [493911721],
    "fotopedia+wwoe": [468628356],
    "fotorcamerabag": [503037128],
    "foursquare": [306934924],
    "foursquareplugins": [306934924],
    "foursquaresso": [306934924],
    "foxsoft-calculatorpro": [440119537],
    "foxsoft-docshd": [498653441],
    "foxsoft-docshdfree": [516795899],
    "foxsoft-docshdlite": [517195311],
    "foxsoft-iDocs": [502206895],
    "fphandlerff": [478103235],
    "fphandlerfp": [478113235],
    "fphandlervet": [473100498],
    "fphandlerwww": [502033710],
    "giappBear": [426731407],
    "giappCowboy": [442407902],
    "giappFelix": [520776043],
    "giappGingerbread": [483414593],
    "giappPirate": [445564033],
    "giappPrincess": [489159177],
    "giappRapper": [436981358],
    "gifplayerfree": [421705291],
    "gifting": [384881410],
    "gifture": [517844682],
    "gomobileaf": [391968627],
    "gomobilekl": [391732065],
    "goodfood": [305408491],
    "goodguide": [294447660],
    "goodplayer": [416756729],
    "goodsam": [449060020],
    "googleapp": [284815942],
    "googleapp.oid.compliant": [284815942],
    "googlebooks": [400989007],
    "googlecatalogs": [453571756],
    "googlechrome": [535886823],
    "googlechromes": [535886823],
    "googledrive": [507874739],
    "googlegmail": [422689480],
    "googlelatitude": [306586497],
    "googleplaces": [406513617],
    "googletranslate": [414706506],
    "googlevoice": [318698524],
    "graalclassic": [343297938],
    "graalera": [406674031],
    "graaleraplus": [406419217],
    "greatestdrive": [411416364],
    "greatestroad": [347927456],
    "greeapp": [403482780],
    "greeapp16052": [393148397, 400291223],
    "greeapp28401": [454172001],
    "greeapp370": [403482780],
    "greeapp370v1202": [403482780],
    "greeapp53190": [518887839],
    "greeapp56416": [520920728],
    "greeapp57805": [467180192],
    "greencharge": [480215136],
    "greereward53185": [516483186],
    "greereward830": [526595488],
    "greesso2455": [349597858],
    "grenada": [466122094],
    "greplin": [424909109],
    "greprep": [481932398],
    "griddiary_v1": [407256393],
    "grindr": [308956623],
    "grindrdnr": [376645150],
    "grindrx": [319881193],
    "groovemakerace": [343040322],
    "groovemakerfree": [323694275],
    "groovemakertrance": [328975594],
    "groupme": [392796698],
    "groupme3": [392796698],
    "groupmecb": [392796698],
    "groupon": [352683833],
    "grouponver2": [352683833],
    "hananbank": [340826757],
    "hananmoney": [346976857],
    "harddiskspace": [465285145],
    "hbo": [343753047],
    "hbogo": [429775439],
    "healthsoftware": [492021934],
    "healthsoftwarelite": [492022003],
    "healthsoftwarepsych": [504500513],
    "helloKittyFree": [449454566],
    "helloKittyFreeawfull": [507699852],
    "helloapp": [484359282],
    "helsing": [380290526, 407201718],
    "hemnet": [324177282],
    "hexalex": [337380581],
    "hexaphone": [373077215],
    "hexm": [455144415],
    "heytell": [352791835],
    "heywire": [383949089],
    "heyzap": [435333429],
    "homeandwork": [306750631],
    "homeconlite": [345019213],
    "homedepot": [342527639],
    "homefinder": [328172261],
    "homepipe": [390272162],
    "homeroutines": [353117370, 393494783],
    "homesmarts": [424312533],
    "homesnap": [506563991],
    "homessearch": [342650611],
    "horoscope": [417080132],
    "hostelhero": [311642926],
    "hotappdeals": [400573731],
    "hotappstoday": [464988492],
    "hotdogwars": [399347662],
    "hotel": [415569164],
    "hotelfinder": [417197647],
    "hotelholiday": [479310511],
    "hotelpet": [415569164],
    "hotelsbyme": [316787053],
    "hoteltonight": [407690035],
    "hotmailbuzzr": [476346562],
    "hrstrkr": [321923934],
    "hrstrkrReceiveData": [321923934, 410014733],
    "hrstrkrRequestData": [336456412],
    "hsi-maxim-app-settings": [350710534],
    "htipad": [451564566],
    "httpsz": [425652042],
    "httpz": [425652042],
    "httt": [340055294],
    "hullomail": [341815203],
    "hullomailfree": [341815203],
    "hulu": [376510438],
    "hundredCamerasFree": [428596902],
    "hundredCamerasIPad": [419438712],
    "japanese": [290664053],
    "japanlife": [437434661],
    "jelli": [400579418],
    "jellycar2": [337319445, 363288682],
    "jellycar3lite": [454282519],
    "jetpack": [457446957],
    "jetsetipad": [416813861],
    "jetsetiphone": [416813139],
    "jobs": [284803622],
    "jobstreet": [367294492],
    "jotlytwitter": [480346601],
    "karaoke": [334259050],
    "karma": [457143798],
    "keychain": [440984875],
    "keygrinder": [354763605],
    "keypoint": [6960],
    "keyring": [372547556],
    "kindle": [302584613],
    "kineticdailymile": [369324269],
    "kineticdailymilelite": [390946616],
    "kineticdatareq": [390946616],
    "kingcamera": [430240788],
    "kingcamera-photoapplink": [430240788],
    "launchpro": [532016360],
    "launchpro-brightness": [532016360],
    "launchpro-dial": [532016360],
    "launchpro-light": [532016360],
    "launchpro-tweet": [532016360],
    "lemonapp": [458730692],
    "lemondeapp": [294047850],
    "lemondejelecapp": [362085416],
    "lemondesportapp": [375374282],
    "lensflare-photoapplink": [349424050],
    "lenslight-photoapplink": [419518259],
    "linkedin": [288429040],
    "linkedin12345678apmobile": [284901416],
    "littlecranegame": [408257810],
    "littlemermaidprodApp": [420490418],
    "littlemidi": [394018004],
    "littlemouse": [446671175],
    "littlethings": [382821388],
    "livecamspro": [428145132],
    "livefx": [353433929, 367889214],
    "livelink3g": [360021071],
    "livemusic": [306283160],
    "livenation": [404040847],
    "liveshare": [383848397],
    "livestream": [379623629],
    "livingsocial": [340295413],
    "lomob-photoapplink": [334581568],
    "lomolomopro": [409944443],
    "london2012joinin": [523138125],
    "london2012results": [536513070],
    "londontransport": [393119892],
    "lonelyplanet": [317165182],
    "luckybingo": [498215206],
    "luckyclantopcamera": [441450063, 465927322],
    "luckyclantopcameralite": [463430049],
    "luckypoker": [448112755],
    "luckypokerhd": [448119564],
    "lufthansa": [444076820],
    "lyricfindlite": [310626563],
    "lyriclegend": [381473803],
    "lyricwiki": [447519370],
    "mailto": [492573565],
    "mallmaps": [342404920],
    "maven": [418246148],
    "maxgo": [453560335],
    "maximmagazine": [457038272],
    "mcsaatchi1013": [444519360],
    "mcsaatchi1026": [477158488],
    "mcsaatchi1027": [489690692],
    "mcsweeneys-ios": [325330901],
    "minecrafter": [399102038],
    "mmplus": [467908886],
    "mmride": [292223170],
    "mmrun": [291890420],
    "mmrun+": [306468004],
    "mms": [390885556],
    "mmu": [341892281],
    "mmwalk": [307861492, 492760186],
    "nate": [402681762],
    "natecartoon": [399734002],
    "nateonuc": [362693357],
    "natevideo": [346128077],
    "naverbooks": [433592412],
    "navercamera": [494167379],
    "navermap": [311867728],
    "navermaps": [311867728],
    "naversearchapp": [393499958],
    "naversearchlogin": [393499958],
    "navigonALB": [353748243],
    "navigonAND": [353748243],
    "navigonAUT": [353748243],
    "navigonBEL": [353748243],
    "navigonBGR": [353748243],
    "navigonBIH": [353748243],
    "navigonBLR": [353748243],
    "navigonCHE": [353748243],
    "navigonCZE": [353748243],
    "navigonDEU": [353748243],
    "navigonDNK": [353748243],
    "navigonESP": [353748243],
    "navigonEST": [353748243],
    "navigonFIN": [353748243],
    "navigonFRA": [353748243],
    "navigonGBR": [353748243],
    "navigonGIB": [353748243],
    "navigonGRC": [353748243],
    "navigonHRV": [353748243],
    "navigonHUN": [353748243],
    "navigonIMN": [353748243],
    "navigonIRL": [353748243],
    "navigonISL": [353748243],
    "navigonITA": [353748243],
    "navigonKOS": [353748243],
    "navigonLIE": [353748243],
    "navigonLTU": [353748243],
    "navigonLUX": [353748243],
    "navigonLVA": [353748243],
    "navigonMCO": [353748243],
    "navigonMDA": [353748243],
    "navigonMKD": [353748243],
    "navigonMLT": [353748243],
    "navigonMNE": [353748243],
    "navigonNLD": [353748243],
    "navigonNOR": [353748243],
    "navigonPOL": [353748243],
    "navigonPRT": [353748243],
    "navigonROU": [353748243],
    "navigonSMR": [353748243],
    "navigonSRB": [353748243],
    "navigonSVK": [353748243],
    "navigonSVN": [353748243],
    "navigonSWE": [353748243],
    "navigonUKR": [353748243],
    "npu372207885": [372207885],
    "npu379038275": [379038275],
    "npu384044746": [384044746],
    "npu413633063": [413633063],
    "npu415268722": [415268722],
    "npu426913233": [426913233],
    "npu428515988": [428515988],
    "npu429415455": [429415455],
    "npu431617552": [431617552],
    "npu433379255": [433379255],
    "npu433597814": [433597814],
    "npu472310593": [472310593],
    "npu482928991": [482928991],
    "opuss": [473948939],
    "oracle": [392079209],
    "oraclebi": [434559909],
    "orangelambis": [381329282],
    "palettes": [297157708],
    "paltalkvideo": [466970942],
    "panda": [476017043, 512923605],
    "pandastudiombofree": [407250924],
    "pandora": [284035177],
    "pandorav2": [284035177],
    "pandorav3": [284035177],
    "pangeavr": [287060570],
    "pankia122": [453870173],
    "pankia124": [442964260],
    "pankia128": [481138160],
    "pankia140": [478418223],
    "pankia142": [470002853],
    "pocketblu": [334746192],
    "pocketbugsfull": [406190049, 427792386],
    "pocketchrisbasics": [379461376],
    "pocketcloud": [326512817],
    "pocketcloudpartner": [398798399],
    "pocketfiction": [453670574],
    "pocketgemsholidayhotel": [479310511],
    "pocketgemsholidayhoteltap": [479310511],
    "pocketgemsparadisecove": [488845680],
    "pocketgemspethotel": [415569164],
    "pocketgemspetshop": [425196663],
    "pocketgemstappethotel": [415569164],
    "pocketgemstapzoo2": [482769629],
    "pocketgemstapzoosantasquest": [479706760],
    "pocketgemstapzoovalentines": [493611134],
    "pocketlegends": [355767097],
    "pocketluach": [285345478],
    "pocketmedicalfrenchv1": [301046885],
    "pocketmedicalspanishv1": [301046957],
    "pocketpup": [495143898],
    "pocketscout": [391928117],
    "pocketspace": [352191810],
    "podcast": [420368235],
    "qqcal": [494833716],
    "qqicare": [456151197],
    "qqmail": [473225145],
    "qqnews": [399363156],
    "qqproduct001": [342994828],
    "qqproduct004.10000": [403941510],
    "qqproduct005": [385703650],
    "qqproduct008": [364183992],
    "qqproduct009": [443908613],
    "qqproduct012.10000": [395664303],
    "qqproduct014.10000": [441900152],
    "qqproduct019.10002": [493493981],
    "qqproduct022.10000": [509441331],
    "qqproduct1001": [379254880],
    "qqproduct1003.10002": [488648551],
    "qqproduct1004": [414437998],
    "qqproduct1008": [433156786],
    "qqproduct1009": [456229650],
    "qqproduct1012.10000": [445330690],
    "qqreader": [487608658],
    "qqreader2012": [487608658],
    "qqreaderhd": [487605015],
    "quora": [456034437],
    "quotebook": [423726272],
    "quranreader": [305902828],
    "quranreaderhd": [385432976],
    "read": [364297166],
    "readability": [460156587],
    "reader24": [380599276],
    "readersdigest": [411524298],
    "readingraven-phone": [508474629],
    "readmestories": [362042422],
    "redeye": [315598320, 439100005],
    "redfin": [327962480],
    "redfin2": [327962480],
    "redlaser": [312720263],
    "rednest": [330693582],
    "redshift": [390436752],
    "redstamp": [414561551],
    "rnmddisco": [325058491],
    "rnmde": [313624917],
    "rnmdellen": [349051443],
    "rnmdet": [307544289],
    "rnmdextra": [341700429],
    "rnmdfn": [332170282],
    "rnmdgspot": [356953902],
    "rnmdtmz": [299948601],
    "rnmdtvcom": [305094711],
    "roambi": [315020789],
    "roambi-http": [315020789],
    "roambiflow": [446501829],
    "saleprice": [299311457],
    "salesbeaver": [385706912],
    "salesforce": [281826146],
    "salesforce.chatter": [404249815],
    "salesforce.chatter.iphone": [404249815],
    "shazam": [284993459],
    "shazamencore": [337288863],
    "shazamfree": [284993459],
    "shazamid": [284993459],
    "shazamipad": [364305715],
    "shazamred": [341382680],
    "sickipedia": [369148906],
    "shopgate": [365287459],
    "shopkick": [383298204],
    "shopmate": [389468016],
    "shoppingaid": [296245607],
    "shopsavvy": [338828953],
    "shopshop": [288350249],
    "shopstyle": [314673827],
    "sinyee4bodyiphone": [451919764],
    "sinyee4coloriphone": [436336571],
    "sinyee4letter": [457817061],
    "sinyee4nurseryrhyme2": [477398519],
    "sinyee4painting": [451036774],
    "sinyee4paintingiphone": [451919198],
    "sinyee4pairmatch": [456164541],
    "sinyee4qqfish": [455879125],
    "sivola2.isocialize": [481694410],
    "sivola2.iupload": [441012450],
    "sivola2isocializefree": [481694410],
    "skebby": [323109850],
    "skedgeme": [375788055],
    "skedu": [351656270],
    "sketch": [448162988],
    "skfmdfree": [474163186],
    "skimagazine": [439746897],
    "skimble": [345235704],
    "skimble-workouts": [395686735],
    "skinswitch": [524911308],
    "skippy": [287945481],
    "skippylite": [287110859],
    "skype": [304878510, 442012681],
    "sleipnir": [404732112],
    "sleipnirblue": [404732112],
    "sleipnirblues": [404732112],
    "sleipnirs": [404732112],
    "slice": [475854271],
    "slicehost": [300154926],
    "snapshop": [373144101],
    "snapster": [500678727],
    "snapsterflickr": [500678727],
    "snapstertumblr": [500678727],
    "soundbricks": [382047878],
    "soundcloud": [336353151],
    "soundgrid": [316521221],
    "soundhound": [284972998, 355554941],
    "soundhound-free": [355554941],
    "soundhound-infinity": [284972998],
    "soundrop": [490113863],
    "soundsreal": [306341009],
    "soundvision": [442547685],
    "source": [353546393],
    "sourcerer01lite": [403149848],
    "spawn": [296036692],
    "spawnglowhd": [432352589],
    "spawnmusic": [479973527],
    "spawnsparkle": [406443486],
    "speedtestx": [307749620],
    "speedtestxhd": [366593092],
    "speedtestxhdpro": [392138982],
    "speedtext": [317722153],
    "speedu": [510914771],
    "speeduptv": [386986953],
    "spongebob": [300044873],
    "spongeboblite": [320624018],
    "square": [335393788],
    "square-pay": [455018546],
    "squaready": [440279995],
    "squaready-photoapplink": [440279995],
    "sudokugrab": [305614901],
    "sudokuonetouchfreejumptap": [418044512],
    "sudokuonetouchjumptap": [407078169],
    "sudokutablet": [362562850],
    "synoaudio": [321495303],
    "synocam": [349087111],
    "synofile": [416751772],
    "synoloadhd": [382111969],
    "synophoto": [321493106],
    "synovus": [469296831],
    "sysstat": [401457165],
    "sysstatlite": [407752428],
    "sysstatslite": [294175824],
    "ted": [376183339],
    "timercam": [494952699],
    "timesheet": [445811752],
    "timestamps": [441117266],
    "timetable": [309048319],
    "timetracker": [436219363],
    "tingalin": [289267216],
    "tinkerflicker": [378763462],
    "tinkerphotoflicker": [380853209],
    "tumblr": [305343404],
    "tumblr-writingkit": [426208994],
    "tweetagora": [373061030],
    "tweetbot": [428851691],
    "tweetbot.iphone": [428851691],
    "tweetbot_iphone": [428851691],
    "tweetbotiphone": [428851691],
    "tweetcaster": [420792544, 421511821],
    "tweetdeck": [318518757, 364153769],
    "tweetee": [352215350],
    "tweeterena": [6125],
    "tweetfire": [439572642],
    "tweetie": [333903271],
    "tweetingslite": [335487807],
    "tweetion": [400116524],
    "tweetlogix": [390063388],
    "tweets": [335368656],
    "tweetypop": [430528497],
    "twistedwave": [401438496],
    "twit": [284698706],
    "twitbird": [307876729],
    "twitbirdfree": [352891124],
    "twitbirdpro": [317777108],
    "twitcal": [343514684],
    "twitch": [460177396],
    "twitch.tv": [460177396],
    "twitlztwitter": [382296167],
    "twitpal": [366149814],
    "twittelator": [284698706],
    "twitter": [333903271],
    "twitterfon": [286756410, 315577859],
    "twitterfonpro": [286756410, 315577859],
    "twitternf13": [518244464],
    "twitterrific": [284540316, 359914600],
    "twitvid": [317646079],
    "ukentucky": [391888220],
    "ulmamsterdam": [325934797],
    "ulmbarcelona": [324669986],
    "ulmlondon": [317451315],
    "ulmmaps": [327783342],
    "ulmmapslite": [408866084],
    "ulmmunich": [331946341],
    "ulmnewyork": [319296365],
    "ulmonmaps": [327783342, 408866084],
    "ulmprague": [332120917],
    "ulmrome": [317902596],
    "ulmvenice": [332120643],
    "ulmvienna": [316915225],
    "ulmwiki": [306906817],
    "vbrowserapollo": [470154924],
    "vbrowserapollos": [470154924],
    "videodownload": [463441441],
    "videodownloader": [453220543],
    "videodownloaderlite": [453236142, 524931696],
    "videomail": [413186895],
    "videomakermagazine": [461524339],
    "videosafe": [306066434, 479061075],
    "videostream": [342124650],
    "videotalk": [444393030],
    "viewclient-securid": [417993697],
    "viki": [445553058],
    "vimeo": [425194759],
    "vip": [307658513],
    "vision1000": [478839378],
    "visualdial": [298591452],
    "vmcmotehdlite": [398901730],
    "vmcmotelite": [315349067],
    "yahoofp": [304158842],
    "zapperscan": [505847168],
    "zappos": [392988420],
    "zappotv": [406973397],
    "zappotv-hd": [437767841],
    "zappotv-lgtvhd": [514997365],
    "zappotv-wdtv-hd": [478973109],
    "zenprisedm": [434682528],
    "zenprisedm3": [434682528],
    "tinyview":[497297097],
    "GrouponiPad":[352683833],
    "templerun": [420009108],
    "Grocery iQ":[290591617],
    "YouTube": [544007664],
    "Podcasts":[525463029],
    "Pose":[402272154],
    "Fancy":[407324335],
    "Sparrow":[492573565],
    "Roambi for Good":[315020789]
}